Record Length,1024,Points,0.0,-1.3691007,
Sample Interval,123.3033447,Hz,123.3033447,1.4308994,
Trigger Point,0.0,Samples,246.60668945,-5.36910057,
,,,369.91003418,-36.16910172,
,,,493.213378906,-34.96910095,
,,,616.516723633,-35.76910019,
Source,MATH,,739.820068359,-38.96910095,
Vertical Units,dB,,863.123413086,-42.96910095,
Vertical Scale,10.0000001,,986.426757813,-44.56909943,
Vertical Offset,-20,9691,,1.1097302E3,-47.36910248,
Horizontal Units,Hz,,1.2330335E3,-54.56910324,
Horizontal Scale,12.6262631E3,,1.3563369E3,-48.56910324,
Pt Fmt,Y,,1.4796402E3,-46.96910095,
Yzero,0.0,,1.6029436E3,-45.76910019,
,,,1.7262469E3,-48.96910095,
,,,1.8495503E3,-42.96910095,
Note,TDS 1012B - 11:30:13 a. m.   30/07/2025,,1.9728536E3,-42.96910095,
,,,2.0961568E3,-42.96910095,
,,,2.2194603E3,-48.96910095,
,,,2.3427638E3,-55.369102478,
,,,2.4660670E3,-60.969100952,
,,,2.5893702E3,-55.369102478,
,,,2.7126737E3,-42.96910095,
,,,2.83597719E3,-38.56909943,
,,,2.95928041E3,-32.16910172,
,,,3.08258364E3,-51.36910248,
,,,3.20588712E3,-14.9691010,
,,,3.32919059E3,-3.76910067,
,,,3.45249382E3,-2.1691008,
,,,3.57579704E3,-2.1691008,
,,,3.69910052E3,-5.36910057,
,,,3.82240399E3,-20.56910133,
,,,3.94570722E3,-48.96910095,
,,,4.06901045E3,-35.36910248,
,,,4.19231368E3,-45.36910248,
,,,4.31561739E3,-40.16910172,
,,,4.43892062E3,-41.36910248,
,,,4.56222385E3,-39.76910019,
,,,4.68552757E3,-43.76910019,
,,,4.80883079E3,-50.16910172,
,,,4.93213402E3,-58.569103241,
,,,5.05543725E3,-60.969100952,
,,,5.17874048E3,-54.56910324,
,,,5.30204420E3,-45.36910248,
,,,5.42534743E3,-42.16910172,
,,,5.54865065E3,-42.16910172,
,,,5.67195437E3,-44.56909943,
,,,5.79525760E3,-44.56909943,
,,,5.91856083E3,-42.96910095,
,,,6.04186406E3,-42.16910172,
,,,6.16516729E3,-47.36910248,
,,,6.28847100E3,-47.36910248,
,,,6.41177423E3,-38.16910172,
,,,6.53507746E3,-48.96910095,
,,,6.65838118E3,-27.36910057,
,,,6.78168440E3,-8.569100380,
,,,6.90498763E3,-4.16910076,
,,,7.02829086E3,-3.76910067,
,,,7.15159409E3,-4.96910095,
,,,7.27489781E3,-14.1691008,
,,,7.398201035E3,-37.36910248,
,,,7.521504264E3,-44.56909943,
,,,7.644807980E3,-58.569103241,
,,,7.768111209E3,-43.76910019,
,,,7.891414437E3,-39.76910019,
,,,8.014717666E3,-39.36910248,
,,,8.138020894E3,-41.36910248,
,,,8.261324611E3,-44.16910172,
,,,8.384627351E3,-45.76910019,
,,,8.507931068E3,-45.76910019,
,,,8.631234785E3,-48.96910095,
,,,8.754537525E3,-58.569103241,
,,,8.877841242E3,-46.96910095,
,,,9.001144959E3,-45.36910248,
,,,9.124447699E3,-45.76910019,
,,,9.247751416E3,-43.36910248,
,,,9.371055133E3,-39.76910019,
,,,9.494357873E3,-38.96910095,
,,,9.617661590E3,-38.96910095,
,,,9.740964330E3,-47.36910248,
,,,9.864268047E3,-55.369102478,
,,,9.987571763E3,-52.56910324,
,,,10.1108745E3,-42.16910172,
,,,10.2341782E3,-16.9691010,
,,,10.3574810E3,-8.569100380,
,,,10.4807847E3,-7.36910057,
,,,10.6040884E3,-7.769100666,
,,,10.7273911E3,-12.9691010,
,,,10.8506949E3,-51.36910248,
,,,10.9739986E3,-35.76910019,
,,,11.0973013E3,-39.36910248,
,,,11.2206050E3,-43.36910248,
,,,11.3439087E3,-47.36910248,
,,,11.4672115E3,-44.96910095,
,,,11.5905152E3,-43.76910019,
,,,11.7138179E3,-46.96910095,
,,,11.8371217E3,-45.36910248,
,,,11.9604254E3,-42.56909943,
,,,12.0837281E3,-42.56909943,
,,,12.2070318E3,-47.36910248,
,,,12.3303346E3,-58.569103241,
,,,12.4536383E3,-60.969100952,
,,,12.5769420E3,-60.969100952,
,,,12.7002447E3,-54.56910324,
,,,12.8235485E3,-43.76910019,
,,,12.9468522E3,-41.36910248,
,,,13.0701549E3,-39.76910019,
,,,13.1934586E3,-42.96910095,
,,,13.3167624E3,-41.36910248,
,,,13.4400651E3,-40.96910095,
,,,13.5633688E3,-36.96910095,
,,,13.6866715E3,-34.16910172,
,,,13.8099753E3,-16.9691010,
,,,13.9332790E3,-14.1691008,
,,,14.0565817E3,-14.1691008,
,,,14.1798854E3,-16.5691013,
,,,14.3031882E3,-33.36910248,
,,,14.4264919E3,-32.16910172,
,,,14.5497956E3,-34.96910095,
,,,14.6730984E3,-36.16910172,
,,,14.7964021E3,-47.36910248,
,,,14.9197058E3,-58.569103241,
,,,15.0430085E3,-60.969100952,
,,,15.1663122E3,-60.969100952,
,,,15.2896160E3,-46.96910095,
,,,15.4129187E3,-41.36910248,
,,,15.5362224E3,-41.36910248,
,,,15.6595252E3,-42.56909943,
,,,15.7828289E3,-46.96910095,
,,,15.9061326E3,-47.36910248,
,,,16.0294353E3,-47.36910248,
,,,16.1527390E3,-54.56910324,
,,,16.2760418E3,-55.369102478,
,,,16.3993465E3,-46.96910095,
,,,16.5226492E3,-47.36910248,
,,,16.6459520E3,-46.96910095,
,,,16.7692547E3,-41.36910248,
,,,16.8925594E3,-36.56909943,
,,,17.0158621E3,-35.76910019,
,,,17.1391649E3,-36.16910172,
,,,17.2624696E3,-45.76910019,
,,,17.3857723E3,-60.969100952,
,,,17.5090751E3,-58.569103241,
,,,17.6323797E3,-60.969100952,
,,,17.7556825E3,-42.16910172,
,,,17.8789852E3,-34.96910095,
,,,18.0022899E3,-34.56909943,
,,,18.1255927E3,-35.36910248,
,,,18.2488954E3,-39.76910019,
,,,18.3722001E3,-43.36910248,
,,,18.4955028E3,-44.56909943,
,,,18.6188056E3,-45.76910019,
,,,18.7421103E3,-60.969100952,
,,,18.8654130E3,-47.36910248,
,,,18.9887157E3,-45.76910019,
,,,19.1120185E3,-44.56909943,
,,,19.2353232E3,-45.76910019,
,,,19.3586259E3,-43.36910248,
,,,19.4819287E3,-41.36910248,
,,,19.6052334E3,-42.96910095,
,,,19.7285361E3,-48.96910095,
,,,19.8518388E3,-58.569103241,
,,,19.9751435E3,-60.969100952,
,,,20.09844627E3,-60.969100952,
,,,20.22174901E3,-43.36910248,
,,,20.34505370E3,-37.36910248,
,,,20.46835644E3,-34.96910095,
,,,20.59165918E3,-37.36910248,
,,,20.71496192E3,-27.36910057,
,,,20.83826661E3,-19.3691006,
,,,20.96156935E3,-17.7691002,
,,,21.08487210E3,-17.7691002,
,,,21.20817679E3,-20.96910095,
,,,21.33147953E3,-33.36910248,
,,,21.45478227E3,-38.56909943,
,,,21.57808696E3,-36.96910095,
,,,21.70138970E3,-39.76910019,
,,,21.82469244E3,-39.76910019,
,,,21.94799714E3,-39.36910248,
,,,22.07129988E3,-39.76910019,
,,,22.19460262E3,-43.76910019,
,,,22.31790731E3,-51.36910248,
,,,22.44121005E3,-55.369102478,
,,,22.56451279E3,-58.569103241,
,,,22.68781748E3,-60.969100952,
,,,22.81112022E3,-47.36910248,
,,,22.93442296E3,-42.16910172,
,,,23.05772570E3,-42.16910172,
,,,23.18103040E3,-44.56909943,
,,,23.30433314E3,-48.56910324,
,,,23.42763588E3,-45.36910248,
,,,23.55094057E3,-44.16910172,
,,,23.67424331E3,-52.56910324,
,,,23.79754605E3,-46.16910172,
,,,23.92085075E3,-39.36910248,
,,,24.04415349E3,-43.36910248,
,,,24.16745623E3,-33.76910019,
,,,24.29076092E3,-18.9691010,
,,,24.41406366E3,-14.9691010,
,,,24.53736640E3,-14.9691010,
,,,24.66066914E3,-16.1691017,
,,,24.78397383E3,-26.56910133,
,,,24.90727657E3,-44.96910095,
,,,25.03057931E3,-60.969100952,
,,,25.15388401E3,-54.56910324,
,,,25.27718675E3,-45.76910019,
,,,25.40048949E3,-40.16910172,
,,,25.52379418E3,-39.76910019,
,,,25.64709692E3,-40.96910095,
,,,25.77039966E3,-45.36910248,
,,,25.89370435E3,-47.36910248,
,,,26.01700710E3,-47.36910248,
,,,26.14030984E3,-48.96910095,
,,,26.26361453E3,-60.969100952,
,,,26.38691727E3,-49.36910248,
,,,26.51022001E3,-45.76910019,
,,,26.63352470E3,-45.76910019,
,,,26.75682744E3,-45.76910019,
,,,26.88013018E3,-41.36910248,
,,,27.00343292E3,-39.76910019,
,,,27.12673762E3,-40.56909943,
,,,27.25004036E3,-48.96910095,
,,,27.37334310E3,-58.569103241,
,,,27.49664779E3,-58.569103241,
,,,27.61995053E3,-60.969100952,
,,,27.74325327E3,-24.56910133,
,,,27.86655796E3,-16.9691010,
,,,27.98986070E3,-16.1691017,
,,,28.11316344E3,-16.1691017,
,,,28.23646814E3,-22.16910172,
,,,28.35977088E3,-40.96910095,
,,,28.48307362E3,-38.16910172,
,,,28.60637636E3,-38.96910095,
,,,28.72968105E3,-44.56909943,
,,,28.85298379E3,-46.16910172,
,,,28.97628653E3,-42.96910095,
,,,29.09959123E3,-43.76910019,
,,,29.22289397E3,-44.96910095,
,,,29.34619671E3,-42.96910095,
,,,29.46950140E3,-41.76910019,
,,,29.59280414E3,-42.96910095,
,,,29.71610688E3,-48.56910324,
,,,29.83941157E3,-58.569103241,
,,,29.96271431E3,-60.969100952,
,,,30.08601705E3,-58.569103241,
,,,30.20932175E3,-50.16910172,
,,,30.33262449E3,-43.36910248,
,,,30.45592723E3,-40.16910172,
,,,30.57923192E3,-40.16910172,
,,,30.70253466E3,-42.56909943,
,,,30.82583740E3,-41.76910019,
,,,30.94914014E3,-40.56909943,
,,,31.07244484E3,-38.56909943,
,,,31.19574758E3,-42.16910172,
,,,31.31905032E3,-23.76910019,
,,,31.44235501E3,-21.36910057,
,,,31.56565775E3,-20.96910095,
,,,31.68896049E3,-24.16910172,
,,,31.81226518E3,-50.16910172,
,,,31.93556792E3,-32.56909943,
,,,32.05887066E3,-33.76910019,
,,,32.18217536E3,-35.36910248,
,,,32.30547810E3,-44.16910172,
,,,32.42878084E3,-60.969100952,
,,,32.55208358E3,-60.969100952,
,,,32.67538827E3,-54.56910324,
,,,32.79869296E3,-45.36910248,
,,,32.92199375E3,-42.16910172,
,,,33.04529844E3,-41.36910248,
,,,33.16860314E3,-44.16910172,
,,,33.29190393E3,-44.96910095,
,,,33.41520862E3,-45.36910248,
,,,33.53850941E3,-45.36910248,
,,,33.66181410E3,-51.36910248,
,,,33.78511879E3,-54.56910324,
,,,33.90841958E3,-44.96910095,
,,,34.03172427E3,-43.36910248,
,,,34.15502897E3,-42.56909943,
,,,34.27832975E3,-39.36910248,
,,,34.40163445E3,-36.56909943,
,,,34.52493914E3,-36.16910172,
,,,34.64823993E3,-36.96910095,
,,,34.77154462E3,-47.36910248,
,,,34.89484931E3,-60.969100952,
,,,35.01815010E3,-60.969100952,
,,,35.14145479E3,-60.969100952,
,,,35.26475949E3,-41.36910248,
,,,35.38806027E3,-34.16910172,
,,,35.51136497E3,-33.36910248,
,,,35.63466966E3,-34.56909943,
,,,35.75797045E3,-38.56909943,
,,,35.88127514E3,-42.16910172,
,,,36.00457984E3,-43.36910248,
,,,36.12788062E3,-44.56909943,
,,,36.25118532E3,-58.569103241,
,,,36.37449001E3,-45.76910019,
,,,36.49779080E3,-43.36910248,
,,,36.62109549E3,-45.76910019,
,,,36.74440018E3,-47.36910248,
,,,36.86770097E3,-44.56909943,
,,,36.99100566E3,-43.36910248,
,,,37.11431036E3,-43.36910248,
,,,37.23761114E3,-49.36910248,
,,,37.36091584E3,-54.56910324,
,,,37.48422053E3,-58.569103241,
,,,37.60752132E3,-60.969100952,
,,,37.73082601E3,-44.96910095,
,,,37.85412680E3,-36.96910095,
,,,37.97743149E3,-35.36910248,
,,,38.10073618E3,-36.96910095,
,,,38.22403697E3,-30.96910095,
,,,38.34734167E3,-24.56910133,
,,,38.47064636E3,-22.96910095,
,,,38.59394715E3,-23.36910057,
,,,38.71725184E3,-26.56910133,
,,,38.84055653E3,-36.56909943,
,,,38.96385732E3,-38.16910172,
,,,39.08716201E3,-38.16910172,
,,,39.21046671E3,-41.76910019,
,,,39.33376749E3,-40.56909943,
,,,39.45707219E3,-38.96910095,
,,,39.58037688E3,-38.56909943,
,,,39.70367767E3,-41.76910019,
,,,39.82698236E3,-52.56910324,
,,,39.95028705E3,-60.969100952,
,,,40.07358784E3,-54.56910324,
,,,40.19689253E3,-50.16910172,
,,,40.32019723E3,-43.76910019,
,,,40.44349801E3,-42.16910172,
,,,40.56680271E3,-42.16910172,
,,,40.69010740E3,-45.36910248,
,,,40.81340819E3,-46.56909943,
,,,40.93671288E3,-44.56909943,
,,,41.06001758E3,-42.96910095,
,,,41.18331836E3,-48.96910095,
,,,41.30662306E3,-47.36910248,
,,,41.42992384E3,-41.76910019,
,,,41.55322854E3,-43.36910248,
,,,41.67653323E3,-34.96910095,
,,,41.79983402E3,-22.96910095,
,,,41.92313871E3,-19.3691006,
,,,42.04644340E3,-19.3691006,
,,,42.16974419E3,-21.36910057,
,,,42.29304888E3,-32.16910172,
,,,42.41635358E3,-54.56910324,
,,,42.53965436E3,-51.36910248,
,,,42.66295906E3,-55.369102478,
,,,42.78626375E3,-41.76910019,
,,,42.90956454E3,-39.36910248,
,,,43.03286923E3,-38.96910095,
,,,43.15617392E3,-40.16910172,
,,,43.27947471E3,-44.16910172,
,,,43.40277941E3,-45.36910248,
,,,43.52608410E3,-47.36910248,
,,,43.64938489E3,-48.96910095,
,,,43.77268958E3,-54.56910324,
,,,43.89599427E3,-45.76910019,
,,,44.01929506E3,-44.16910172,
,,,44.14259975E3,-44.56909943,
,,,44.26590445E3,-44.56909943,
,,,44.38920523E3,-40.56909943,
,,,44.51250993E3,-39.76910019,
,,,44.63581462E3,-41.36910248,
,,,44.75911541E3,-48.96910095,
,,,44.88242010E3,-60.969100952,
,,,45.00572479E3,-60.969100952,
,,,45.12902558E3,-60.969100952,
,,,45.25233027E3,-27.76910019,
,,,45.37563497E3,-20.96910095,
,,,45.49893575E3,-20.16910172,
,,,45.62224045E3,-20.56910133,
,,,45.74554124E3,-27.76910019,
,,,45.86884593E3,-37.76910019,
,,,45.99215062E3,-37.36910248,
,,,46.11545141E3,-37.76910019,
,,,46.23875610E3,-45.76910019,
,,,46.36206080E3,-44.96910095,
,,,46.48536158E3,-42.96910095,
,,,46.60866628E3,-42.96910095,
,,,46.73197097E3,-44.56909943,
,,,46.85527176E3,-42.96910095,
,,,46.97857645E3,-41.76910019,
,,,47.10188114E3,-42.96910095,
,,,47.22518193E3,-48.96910095,
,,,47.34848662E3,-60.969100952,
,,,47.47179132E3,-58.569103241,
,,,47.59509210E3,-58.569103241,
,,,47.71839680E3,-50.16910172,
,,,47.84170149E3,-42.56909943,
,,,47.96500228E3,-41.36910248,
,,,48.08830697E3,-40.16910172,
,,,48.21161166E3,-41.76910019,
,,,48.33491245E3,-41.76910019,
,,,48.45821715E3,-41.36910248,
,,,48.58152184E3,-39.76910019,
,,,48.70482263E3,-47.36910248,
,,,48.82812732E3,-27.36910057,
,,,48.95143201E3,-25.36910057,
,,,49.07473280E3,-24.96910095,
,,,49.19803749E3,-28.56910133,
,,,49.32133828E3,-40.56909943,
,,,49.44464297E3,-32.96910095,
,,,49.56794767E3,-33.76910019,
,,,49.69124845E3,-35.76910019,
,,,49.81455315E3,-50.16910172,
,,,49.93785784E3,-60.969100952,
,,,50.06115863E3,-60.969100952,
,,,50.18446332E3,-58.569103241,
,,,50.30776801E3,-46.56909943,
,,,50.43106880E3,-40.96910095,
,,,50.55437349E3,-40.96910095,
,,,50.67767819E3,-43.76910019,
,,,50.80097898E3,-47.36910248,
,,,50.92428367E3,-47.36910248,
,,,51.04758836E3,-46.16910172,
,,,51.17088915E3,-54.56910324,
,,,51.29419384E3,-51.76910019,
,,,51.41749854E3,-45.36910248,
,,,51.54079932E3,-43.76910019,
,,,51.66410402E3,-43.76910019,
,,,51.78740871E3,-39.76910019,
,,,51.91070950E3,-36.96910095,
,,,52.03401419E3,-36.16910172,
,,,52.15731888E3,-38.16910172,
,,,52.28061967E3,-51.36910248,
,,,52.40392436E3,-55.369102478,
,,,52.52722906E3,-60.969100952,
,,,52.65052984E3,-55.369102478,
,,,52.77383454E3,-40.56909943,
,,,52.89713923E3,-33.36910248,
,,,53.02044002E3,-32.96910095,
,,,53.14374471E3,-33.76910019,
,,,53.26704941E3,-38.56909943,
,,,53.39035019E3,-43.36910248,
,,,53.51365489E3,-42.16910172,
,,,53.63695567E3,-44.56909943,
,,,53.76026037E3,-60.969100952,
,,,53.88356506E3,-47.36910248,
,,,54.00686585E3,-45.76910019,
,,,54.13017054E3,-47.36910248,
,,,54.25347523E3,-47.36910248,
,,,54.37677602E3,-43.36910248,
,,,54.50008071E3,-41.36910248,
,,,54.623385407E3,-42.16910172,
,,,54.746686194E3,-48.56910324,
,,,54.869990887E3,-52.56910324,
,,,54.993295581E3,-60.969100952,
,,,55.116596368E3,-58.569103241,
,,,55.239901061E3,-44.56909943,
,,,55.363205755E3,-37.76910019,
,,,55.486506542E3,-36.16910172,
,,,55.609811235E3,-36.56909943,
,,,55.733115928E3,-32.56909943,
,,,55.856416716E3,-27.36910057,
,,,55.979721409E3,-26.16910172,
,,,56.103026102E3,-26.16910172,
,,,56.226326889E3,-30.16910172,
,,,56.349631583E3,-37.36910248,
,,,56.472936276E3,-37.36910248,
,,,56.596237063E3,-37.36910248,
,,,56.719541757E3,-38.96910095,
,,,56.842846450E3,-39.36910248,
,,,56.966147237E3,-38.96910095,
,,,57.089451930E3,-40.16910172,
,,,57.212752717E3,-44.16910172,
,,,57.336057411E3,-60.969100952,
,,,57.459362104E3,-58.569103241,
,,,57.582662891E3,-60.969100952,
,,,57.705967585E3,-54.56910324,
,,,57.829272278E3,-43.76910019,
,,,57.952573065E3,-41.36910248,
,,,58.075877758E3,-41.36910248,
,,,58.199182452E3,-44.16910172,
,,,58.322483239E3,-46.56909943,
,,,58.445787932E3,-44.56909943,
,,,58.569092626E3,-43.76910019,
,,,58.692393413E3,-50.16910172,
,,,58.815698106E3,-47.36910248,
,,,58.939002799E3,-41.36910248,
,,,59.062303587E3,-43.76910019,
,,,59.185608280E3,-36.16910172,
,,,59.308912973E3,-25.76910019,
,,,59.432213760E3,-22.56910133,
,,,59.555518454E3,-22.56910133,
,,,59.678823147E3,-24.56910133,
,,,59.802123934E3,-36.16910172,
,,,59.925428628E3,-58.569103241,
,,,60.048733321E3,-54.56910324,
,,,60.172034108E3,-60.969100952,
,,,60.295338801E3,-44.96910095,
,,,60.418643495E3,-39.36910248,
,,,60.541944282E3,-38.96910095,
,,,60.665248975E3,-41.36910248,
,,,60.788553669E3,-44.96910095,
,,,60.911854456E3,-44.96910095,
,,,61.035159149E3,-46.16910172,
,,,61.158463842E3,-50.16910172,
,,,61.281764629E3,-60.969100952,
,,,61.405069323E3,-48.56910324,
,,,61.528370110E3,-45.36910248,
,,,61.651674803E3,-44.56909943,
,,,61.774979497E3,-44.56909943,
,,,61.898280284E3,-41.36910248,
,,,62.021584977E3,-40.56909943,
,,,62.144889670E3,-42.16910172,
,,,62.268190458E3,-51.76910019,
,,,62.391495151E3,-60.969100952,
,,,62.514799844E3,-60.969100952,
,,,62.638100631E3,-60.969100952,
,,,62.761405325E3,-30.16910172,
,,,62.884710018E3,-23.76910019,
,,,63.008010805E3,-23.36910057,
,,,63.131315499E3,-23.76910019,
,,,63.254620192E3,-32.56909943,
,,,63.377920979E3,-36.96910095,
,,,63.501225672E3,-37.36910248,
,,,63.624530366E3,-37.76910019,
,,,63.747831153E3,-48.96910095,
,,,63.871135846E3,-44.56909943,
,,,63.994440540E3,-42.16910172,
,,,64.117741327E3,-42.16910172,
,,,64.241046020E3,-45.76910019,
,,,64.364350713E3,-42.96910095,
,,,64.487651500E3,-42.96910095,
,,,64.610956194E3,-44.16910172,
,,,64.734260887E3,-48.96910095,
,,,64.857561674E3,-60.969100952,
,,,64.980866368E3,-60.969100952,
,,,65.104167155E3,-60.969100952,
,,,65.227471848E3,-51.76910019,
,,,65.350776541E3,-43.76910019,
,,,65.474077329E3,-40.96910095,
,,,65.597385928E3,-41.76910019,
,,,65.720682809E3,-42.96910095,
,,,65.843987502E3,-42.96910095,
,,,65.967292196E3,-41.36910248,
,,,66.090596889E3,-40.16910172,
,,,66.213901582E3,-50.16910172,
,,,66.337206276E3,-29.76910019,
,,,66.460503157E3,-27.76910019,
,,,66.583807850E3,-27.36910057,
,,,66.707112543E3,-32.16910172,
,,,66.830417237E3,-37.76910019,
,,,66.953721930E3,-32.56909943,
,,,67.077018811E3,-32.96910095,
,,,67.200323504E3,-34.96910095,
,,,67.323628198E3,-46.16910172,
,,,67.446932891E3,-54.56910324,
,,,67.570237584E3,-58.569103241,
,,,67.693542278E3,-51.36910248,
,,,67.816839159E3,-44.56909943,
,,,67.940143852E3,-40.96910095,
,,,68.063448545E3,-40.96910095,
,,,68.186753239E3,-43.76910019,
,,,68.310057932E3,-45.36910248,
,,,68.433362625E3,-43.76910019,
,,,68.556659506E3,-43.76910019,
,,,68.679964200E3,-50.16910172,
,,,68.803268893E3,-58.569103241,
,,,68.926573586E3,-47.36910248,
,,,69.049878280E3,-45.36910248,
,,,69.173182973E3,-44.16910172,
,,,69.296479854E3,-40.56909943,
,,,69.419784547E3,-36.96910095,
,,,69.543089241E3,-36.56909943,
,,,69.666393934E3,-38.56909943,
,,,69.789698627E3,-50.16910172,
,,,69.913003321E3,-58.569103241,
,,,70.036300202E3,-60.969100952,
,,,70.159604895E3,-58.569103241,
,,,70.282909588E3,-36.96910095,
,,,70.406214282E3,-31.76910019,
,,,70.529518975E3,-32.16910172,
,,,70.652823668E3,-33.36910248,
,,,70.776120549E3,-39.36910248,
,,,70.899425243E3,-42.96910095,
,,,71.022729936E3,-42.16910172,
,,,71.146034629E3,-44.56909943,
,,,71.269339323E3,-60.969100952,
,,,71.392636203E3,-47.36910248,
,,,71.515940897E3,-44.56909943,
,,,71.639245590E3,-45.76910019,
,,,71.762550284E3,-44.56909943,
,,,71.885854977E3,-42.16910172,
,,,72.009159670E3,-42.16910172,
,,,72.132456551E3,-43.36910248,
,,,72.255761244E3,-51.76910019,
,,,72.379065938E3,-60.969100952,
,,,72.502370631E3,-60.969100952,
,,,72.625675325E3,-54.56910324,
,,,72.748980018E3,-44.56909943,
,,,72.872276899E3,-37.76910019,
,,,72.995581592E3,-37.36910248,
,,,73.118886285E3,-37.76910019,
,,,73.242190979E3,-34.56909943,
,,,73.365495672E3,-29.76910019,
,,,73.488800366E3,-28.56910133,
,,,73.612097246E3,-28.96910095,
,,,73.735401940E3,-32.56909943,
,,,73.858706633E3,-36.16910172,
,,,73.982011326E3,-35.36910248,
,,,74.105316020E3,-36.16910172,
,,,74.228620713E3,-38.56909943,
,,,74.351917594E3,-39.36910248,
,,,74.475222287E3,-38.96910095,
,,,74.598526981E3,-39.76910019,
,,,74.721831674E3,-43.36910248,
,,,74.845136367E3,-54.56910324,
,,,74.968441061E3,-60.969100952,
,,,75.091737942E3,-60.969100952,
,,,75.215042635E3,-60.969100952,
,,,75.338347328E3,-46.56909943,
,,,75.461652022E3,-42.16910172,
,,,75.584956715E3,-41.36910248,
,,,75.708253596E3,-45.36910248,
,,,75.831558289E3,-46.16910172,
,,,75.954862983E3,-44.16910172,
,,,76.078167676E3,-44.56909943,
,,,76.201472369E3,-58.569103241,
,,,76.324777063E3,-44.56909943,
,,,76.448073944E3,-39.76910019,
,,,76.571378637E3,-40.16910172,
,,,76.694683330E3,-36.16910172,
,,,76.817988024E3,-26.96910095,
,,,76.941292717E3,-24.96910095,
,,,77.064597410E3,-24.96910095,
,,,77.187894291E3,-26.96910095,
,,,77.311198985E3,-40.16910172,
,,,77.434503678E3,-60.969100952,
,,,77.557808371E3,-60.969100952,
,,,77.681113065E3,-60.969100952,
,,,77.804417758E3,-43.36910248,
,,,77.927714639E3,-38.96910095,
,,,78.051019332E3,-38.56909943,
,,,78.174324026E3,-41.36910248,
,,,78.297628719E3,-44.16910172,
,,,78.420933412E3,-44.96910095,
,,,78.544238106E3,-46.96910095,
,,,78.667534987E3,-48.56910324,
,,,78.790839680E3,-55.369102478,
,,,78.914144373E3,-46.96910095,
,,,79.037449067E3,-43.76910019,
,,,79.160753760E3,-44.96910095,
,,,79.284050641E3,-42.56909943,
,,,79.407355334E3,-40.16910172,
,,,79.530660028E3,-39.36910248,
,,,79.653964721E3,-41.76910019,
,,,79.777269414E3,-51.36910248,
,,,79.900574108E3,-60.969100952,
,,,80.023870988E3,-54.56910324,
,,,80.147175682E3,-55.369102478,
,,,80.270480375E3,-31.36910057,
,,,80.393785068E3,-25.76910019,
,,,80.517089762E3,-24.96910095,
,,,80.640394455E3,-25.76910019,
,,,80.763691336E3,-36.56909943,
,,,80.886996029E3,-36.16910172,
,,,81.010300723E3,-36.96910095,
,,,81.133605416E3,-36.16910172,
,,,81.256910109E3,-47.36910248,
,,,81.380214803E3,-42.16910172,
,,,81.503511684E3,-41.36910248,
,,,81.626816377E3,-42.96910095,
,,,81.750121070E3,-44.16910172,
,,,81.873425764E3,-42.16910172,
,,,81.996730457E3,-42.16910172,
,,,82.120035150E3,-44.56909943,
,,,82.243332031E3,-54.56910324,
,,,82.366636725E3,-60.969100952,
,,,82.489941418E3,-60.969100952,
,,,82.613246111E3,-58.569103241,
,,,82.736550805E3,-48.96910095,
,,,82.859847686E3,-42.96910095,
,,,82.983152379E3,-40.96910095,
,,,83.106457072E3,-40.96910095,
,,,83.229761766E3,-42.96910095,
,,,83.353066459E3,-41.76910019,
,,,83.476371152E3,-40.96910095,
,,,83.599668033E3,-39.76910019,
,,,83.722972727E3,-52.56910324,
,,,83.846277420E3,-31.76910019,
,,,83.969582113E3,-30.16910172,
,,,84.092886807E3,-29.36910057,
,,,84.216191500E3,-35.36910248,
,,,84.339488381E3,-34.56909943,
,,,84.462793074E3,-31.76910019,
,,,84.586097768E3,-32.16910172,
,,,84.709402461E3,-35.76910019,
,,,84.832707154E3,-50.16910172,
,,,84.956011848E3,-55.369102478,
,,,85.079308729E3,-60.969100952,
,,,85.202613422E3,-60.969100952,
,,,85.325918115E3,-46.16910172,
,,,85.449222809E3,-42.16910172,
,,,85.572527502E3,-42.16910172,
,,,85.695832195E3,-43.76910019,
,,,85.819129076E3,-47.36910248,
,,,85.942433770E3,-45.36910248,
,,,86.065738463E3,-45.36910248,
,,,86.189043156E3,-52.56910324,
,,,86.312347850E3,-51.36910248,
,,,86.435652543E3,-45.36910248,
,,,86.558949424E3,-45.36910248,
,,,86.682254117E3,-44.16910172,
,,,86.805558811E3,-40.56909943,
,,,86.928863504E3,-37.36910248,
,,,87.052168197E3,-36.56909943,
,,,87.175465078E3,-39.76910019,
,,,87.298769771E3,-52.56910324,
,,,87.422074465E3,-60.969100952,
,,,87.545379158E3,-60.969100952,
,,,87.668683852E3,-58.569103241,
,,,87.791988545E3,-36.56909943,
,,,87.915285426E3,-31.36910057,
,,,88.038590119E3,-31.36910057,
,,,88.161894812E3,-32.96910095,
,,,88.285199506E3,-38.56909943,
,,,88.408504199E3,-44.16910172,
,,,88.531808893E3,-44.16910172,
,,,88.655105773E3,-46.96910095,
,,,88.778410467E3,-60.969100952,
,,,88.901715160E3,-44.56909943,
,,,89.025019853E3,-43.36910248,
,,,89.148324547E3,-44.56909943,
,,,89.271629240E3,-45.76910019,
,,,89.394926121E3,-41.36910248,
,,,89.518230814E3,-41.36910248,
,,,89.641535508E3,-43.36910248,
,,,89.764840201E3,-54.56910324,
,,,89.888144894E3,-60.969100952,
,,,90.011449588E3,-60.969100952,
,,,90.134746469E3,-58.569103241,
,,,90.258051162E3,-44.56909943,
,,,90.381355855E3,-38.56909943,
,,,90.504660549E3,-37.76910019,
,,,90.627965242E3,-38.56909943,
,,,90.751269935E3,-35.36910248,
,,,90.874566816E3,-31.36910057,
,,,90.997871510E3,-30.56910133,
,,,91.121176203E3,-30.96910095,
,,,91.244480896E3,-33.76910019,
,,,91.367785590E3,-36.16910172,
,,,91.491082471E3,-35.36910248,
,,,91.614387164E3,-35.76910019,
,,,91.737691857E3,-38.16910172,
,,,91.860996551E3,-39.36910248,
,,,91.984301244E3,-38.56909943,
,,,92.107605937E3,-39.36910248,
,,,92.230902818E3,-44.16910172,
,,,92.354207512E3,-54.56910324,
,,,92.477512205E3,-58.569103241,
,,,92.600816898E3,-58.569103241,
,,,92.724121592E3,-55.369102478,
,,,92.847426285E3,-44.96910095,
,,,92.970723166E3,-41.76910019,
,,,93.094027859E3,-41.76910019,
,,,93.217332553E3,-44.96910095,
,,,93.340637246E3,-44.96910095,
,,,93.463941939E3,-43.36910248,
,,,93.587246633E3,-43.76910019,
,,,93.710543514E3,-58.569103241,
,,,93.833848207E3,-44.96910095,
,,,93.957152900E3,-40.56909943,
,,,94.080457594E3,-41.36910248,
,,,94.203762287E3,-36.56909943,
,,,94.327066980E3,-28.56910133,
,,,94.450363861E3,-26.96910095,
,,,94.573668555E3,-26.56910133,
,,,94.696973248E3,-29.36910057,
,,,94.820277941E3,-42.16910172,
,,,94.943582635E3,-58.569103241,
,,,95.066879515E3,-52.56910324,
,,,95.190184209E3,-54.56910324,
,,,95.313488902E3,-41.36910248,
,,,95.436793596E3,-38.16910172,
,,,95.560098289E3,-38.16910172,
,,,95.683402982E3,-40.16910172,
,,,95.806699863E3,-43.36910248,
,,,95.930004556E3,-44.96910095,
,,,96.053309250E3,-44.96910095,
,,,96.176613943E3,-50.16910172,
,,,96.299918637E3,-54.56910324,
,,,96.423223330E3,-48.96910095,
,,,96.546520211E3,-46.96910095,
,,,96.669824904E3,-48.56910324,
,,,96.793129597E3,-44.16910172,
,,,96.916434291E3,-40.96910095,
,,,97.039738984E3,-40.16910172,
,,,97.163043677E3,-42.16910172,
,,,97.286340558E3,-51.76910019,
,,,97.409645252E3,-58.569103241,
,,,97.532949945E3,-60.969100952,
,,,97.656254638E3,-49.36910248,
,,,97.779559332E3,-32.16910172,
,,,97.902864025E3,-26.96910095,
,,,98.026160906E3,-26.96910095,
,,,98.149465599E3,-27.76910019,
,,,98.272770293E3,-42.96910095,
,,,98.396074986E3,-34.56909943,
,,,98.519379679E3,-34.96910095,
,,,98.642676560E3,-35.76910019,
,,,98.765981254E3,-47.36910248,
,,,98.889285947E3,-43.36910248,
,,,99.012590640E3,-42.16910172,
,,,99.135895334E3,-43.36910248,
,,,99.259200027E3,-44.56909943,
,,,99.382496908E3,-42.16910172,
,,,99.505801601E3,-41.36910248,
,,,99.629106295E3,-43.36910248,
,,,99.752410988E3,-48.96910095,
,,,99.875715681E3,-60.969100952,
,,,99.999020375E3,-60.969100952,
,,,100.1223173E3,-58.569103241,
,,,100.2456219E3,-49.36910248,
,,,100.3689266E3,-41.36910248,
,,,100.4922313E3,-40.16910172,
,,,100.6155360E3,-41.76910019,
,,,100.7388407E3,-43.76910019,
,,,100.8621376E3,-42.96910095,
,,,100.9854423E3,-40.96910095,
,,,101.1087470E3,-40.16910172,
,,,101.2320517E3,-52.56910324,
,,,101.3553564E3,-32.96910095,
,,,101.4786611E3,-31.76910019,
,,,101.6019580E3,-30.96910095,
,,,101.7252626E3,-40.16910172,
,,,101.8485673E3,-32.56909943,
,,,101.9718720E3,-30.56910133,
,,,102.0951767E3,-30.96910095,
,,,102.2184814E3,-34.16910172,
,,,102.3417783E3,-50.16910172,
,,,102.4650830E3,-60.969100952,
,,,102.5883877E3,-60.969100952,
,,,102.7116924E3,-52.56910324,
,,,102.8349971E3,-42.96910095,
,,,102.9582940E3,-40.96910095,
,,,103.0815986E3,-40.16910172,
,,,103.2049033E3,-43.76910019,
,,,103.3282080E3,-48.96910095,
,,,103.4515127E3,-47.36910248,
,,,103.5748174E3,-48.56910324,
,,,103.6981143E3,-54.56910324,
,,,103.8214190E3,-48.56910324,
,,,103.9447237E3,-45.36910248,
,,,104.0680284E3,-45.36910248,
,,,104.1913331E3,-45.36910248,
,,,104.3146378E3,-41.36910248,
,,,104.4379346E3,-37.76910019,
,,,104.5612393E3,-37.36910248,
,,,104.6845440E3,-40.16910172,
,,,104.8078487E3,-51.76910019,
,,,104.9311534E3,-54.56910324,
,,,105.0544581E3,-54.56910324,
,,,105.1777550E3,-51.36910248,
,,,105.3010597E3,-34.16910172,
,,,105.4243644E3,-30.16910172,
,,,105.5476691E3,-30.16910172,
,,,105.6709738E3,-32.16910172,
,,,105.7942785E3,-38.16910172,
,,,105.9175753E3,-42.96910095,
,,,106.0408800E3,-42.96910095,
,,,106.1641847E3,-43.76910019,
,,,106.2874894E3,-60.969100952,
,,,106.4107941E3,-45.36910248,
,,,106.5340988E3,-43.76910019,
,,,106.6573957E3,-44.96910095,
,,,106.7807004E3,-45.36910248,
,,,106.9040051E3,-42.16910172,
,,,107.0273098E3,-42.16910172,
,,,107.1506145E3,-42.96910095,
,,,107.2739113E3,-50.16910172,
,,,107.3972160E3,-55.369102478,
,,,107.5205207E3,-60.969100952,
,,,107.6438254E3,-60.969100952,
,,,107.7671301E3,-44.56909943,
,,,107.8904348E3,-38.96910095,
,,,108.0137317E3,-37.36910248,
,,,108.1370364E3,-38.56909943,
,,,108.2603411E3,-36.16910172,
,,,108.3836458E3,-32.96910095,
,,,108.5069505E3,-32.16910172,
,,,108.6302552E3,-32.96910095,
,,,108.7535520E3,-34.96910095,
,,,108.8768567E3,-34.96910095,
,,,109.0001614E3,-34.16910172,
,,,109.1234661E3,-35.36910248,
,,,109.2467708E3,-37.76910019,
,,,109.3700755E3,-38.96910095,
,,,109.4933724E3,-38.16910172,
,,,109.6166771E3,-39.36910248,
,,,109.7399818E3,-43.76910019,
,,,109.8632865E3,-54.56910324,
,,,109.9865912E3,-58.569103241,
,,,110.1098959E3,-60.969100952,
,,,110.2331927E3,-52.56910324,
,,,110.3564974E3,-44.96910095,
,,,110.4798021E3,-42.56909943,
,,,110.6031068E3,-44.16910172,
,,,110.7264115E3,-47.36910248,
,,,110.8497084E3,-48.96910095,
,,,110.9730131E3,-45.36910248,
,,,111.0963178E3,-47.36910248,
,,,111.2196225E3,-60.969100952,
,,,111.3429272E3,-44.96910095,
,,,111.4662319E3,-42.56909943,
,,,111.5895287E3,-43.76910019,
,,,111.7128334E3,-38.56909943,
,,,111.8361381E3,-30.56910133,
,,,111.9594428E3,-28.56910133,
,,,112.0827475E3,-28.16910172,
,,,112.2060522E3,-31.36910057,
,,,112.3293491E3,-50.16910172,
,,,112.4526538E3,-60.969100952,
,,,112.5759585E3,-60.969100952,
,,,112.6992632E3,-58.569103241,
,,,112.8225679E3,-42.16910172,
,,,112.9458726E3,-38.56909943,
,,,113.0691694E3,-38.96910095,
,,,113.1924741E3,-40.96910095,
,,,113.3157788E3,-44.56909943,
,,,113.4390835E3,-43.76910019,
,,,113.5623882E3,-44.56909943,
,,,113.6856929E3,-48.96910095,
,,,113.8089898E3,-58.569103241,
,,,113.9322945E3,-47.36910248,
,,,114.0555992E3,-46.56909943,
,,,114.1789039E3,-47.36910248,
,,,114.3022086E3,-44.56909943,
,,,114.4255054E3,-41.36910248,
,,,114.5488101E3,-40.16910172,
,,,114.6721148E3,-42.56909943,
,,,114.7954195E3,-52.56910324,
,,,114.9187242E3,-60.969100952,
,,,115.0420289E3,-60.969100952,
,,,115.1653258E3,-51.36910248,
,,,115.2886305E3,-32.96910095,
,,,115.4119352E3,-28.56910133,
,,,115.5352399E3,-28.16910172,
,,,115.6585446E3,-29.36910057,
,,,115.7818492E3,-54.56910324,
,,,115.9051461E3,-34.16910172,
,,,116.0284508E3,-34.56909943,
,,,116.1517555E3,-35.36910248,
,,,116.2750602E3,-48.96910095,
,,,116.3983649E3,-42.16910172,
,,,116.5216696E3,-42.16910172,
,,,116.6449665E3,-43.36910248,
,,,116.7682712E3,-44.56909943,
,,,116.8915759E3,-41.36910248,
,,,117.0148806E3,-39.76910019,
,,,117.1381853E3,-40.56909943,
,,,117.2614899E3,-46.96910095,
,,,117.3847868E3,-50.16910172,
,,,117.5080915E3,-60.969100952,
,,,117.6313962E3,-58.569103241,
,,,117.7547009E3,-49.36910248,
,,,117.8780056E3,-43.36910248,
,,,118.0013103E3,-40.56909943,
,,,118.1246072E3,-41.36910248,
,,,118.2479119E3,-44.16910172,
,,,118.3712166E3,-42.96910095,
,,,118.4945213E3,-40.96910095,
,,,118.6178259E3,-41.76910019,
,,,118.7411228E3,-48.96910095,
,,,118.8644275E3,-33.76910019,
,,,118.9877322E3,-32.96910095,
,,,119.1110369E3,-32.56909943,
,,,119.2343416E3,-45.76910019,
,,,119.3576463E3,-31.36910057,
,,,119.4809432E3,-29.76910019,
,,,119.6042479E3,-30.16910172,
,,,119.7275526E3,-33.76910019,
,,,119.8508573E3,-54.56910324,
,,,119.9741619E3,-58.569103241,
,,,120.0974666E3,-58.569103241,
,,,120.2207635E3,-54.56910324,
,,,120.3440682E3,-44.96910095,
,,,120.4673729E3,-41.76910019,
,,,120.5906776E3,-42.96910095,
,,,120.7139823E3,-46.96910095,
,,,120.8372870E3,-48.56910324,
,,,120.9605839E3,-47.36910248,
,,,121.0838886E3,-47.36910248,
,,,121.2071933E3,-54.56910324,
,,,121.3304980E3,-48.96910095,
,,,121.4538026E3,-45.36910248,
,,,121.5771073E3,-46.16910172,
,,,121.7004042E3,-45.36910248,
,,,121.8237089E3,-40.16910172,
,,,121.9470136E3,-37.76910019,
,,,122.0703183E3,-37.36910248,
,,,122.1936230E3,-40.16910172,
,,,122.3169277E3,-60.969100952,
,,,122.4402246E3,-55.369102478,
,,,122.5635293E3,-58.569103241,
,,,122.6868340E3,-52.56910324,
,,,122.8101386E3,-32.96910095,
,,,122.9334433E3,-29.36910057,
,,,123.0567402E3,-29.36910057,
,,,123.1800449E3,-31.36910057,
,,,123.3033496E3,-38.16910172,
,,,123.4266543E3,-43.76910019,
,,,123.5499590E3,-41.76910019,
,,,123.6732637E3,-44.16910172,
,,,123.7965606E3,-60.969100952,
,,,123.9198653E3,-46.96910095,
,,,124.0431700E3,-45.36910248,
,,,124.1664746E3,-46.96910095,
,,,124.2897793E3,-46.96910095,
,,,124.4130840E3,-42.56909943,
,,,124.5363809E3,-42.96910095,
,,,124.6596856E3,-43.76910019,
,,,124.7829903E3,-54.56910324,
,,,124.9062950E3,-60.969100952,
,,,125.0295997E3,-60.969100952,
,,,125.1529044E3,-58.569103241,
,,,125.2762013E3,-44.56909943,
,,,125.3995060E3,-38.96910095,
,,,125.5228106E3,-38.56909943,
,,,125.6461153E3,-38.56909943,
,,,125.7694200E3,-36.96910095,
,,,125.8927247E3,-33.76910019,
,,,126.0160216E3,-32.96910095,
,,,126.1393263E3,-33.36910248,
